insert into category (id, code, created_at, updated_at) VALUES (1, 'TOP', now(), now());
insert into category (id, code, created_at, updated_at) VALUES (2, 'OUTER', now(), now());
insert into Category (id, code, created_at, updated_at) VALUES (3, 'PANTS', now(), now());
insert into category (id, code, created_at, updated_at) VALUES (4, 'SNEAKERS', now(), now());
insert into category (id, code, created_at, updated_at) VALUES (5, 'BAG', now(), now());
insert into category (id, code, created_at, updated_at) VALUES (6, 'HAT', now(), now());
insert into category (id, code, created_at, updated_at) VALUES (7, 'SOCKS', now(), now());
insert into category (id, code, created_at, updated_at) VALUES (8, 'ACCESSORY', now(), now());



-- 브랜드 셋팅
insert into brand(id, name, is_deleted, created_at, updated_at) values (1, 'A', false, now(), now()); -- 1
insert into brand(id, name, is_deleted, created_at, updated_at) values (2, 'B', false, now(), now());
insert into brand(id, name, is_deleted, created_at, updated_at) values (3, 'C', false, now(), now());
insert into brand(id, name, is_deleted, created_at, updated_at) values (4, 'D', false, now(), now());
insert into brand(id, name, is_deleted, created_at, updated_at) values (5, 'E', false, now(), now());
insert into brand(id, name, is_deleted, created_at, updated_at) values (6, 'F', false, now(), now());
insert into brand(id, name, is_deleted, created_at, updated_at) values (7, 'G', false, now(), now());
insert into brand(id, name, is_deleted, created_at, updated_at) values (8, 'H', false, now(), now());
insert into brand(id, name, is_deleted, created_at, updated_at) values (9, 'I', false, now(), now());


-- 상품 셋팅
insert into product(id, created_at, updated_at, brand_id, price, category_id, is_deleted) values (1, now(), now(), 1, 11200, 1, false);
insert into product(id, created_at, updated_at, brand_id, price, category_id, is_deleted) values (2, now(), now(), 1, 5500, 2, false);
insert into product(id, created_at, updated_at, brand_id, price, category_id, is_deleted) values (3, now(), now(), 1, 4200, 3, false);
insert into product(id, created_at, updated_at, brand_id, price, category_id, is_deleted) values (4, now(), now(), 1, 9000, 4, false);
insert into product(id, created_at, updated_at, brand_id, price, category_id, is_deleted) values (5, now(), now(), 1, 2000, 5, false);
insert into product(id, created_at, updated_at, brand_id, price, category_id, is_deleted) values (6, now(), now(), 1, 1700, 6, false);
insert into product(id, created_at, updated_at, brand_id, price, category_id, is_deleted) values (7, now(), now(), 1, 1800, 7, false);
insert into product(id, created_at, updated_at, brand_id, price, category_id, is_deleted) values (8, now(), now(), 1, 2300, 8, false);
insert into product(id, created_at, updated_at, brand_id, price, category_id, is_deleted) values (9, now(), now(), 2, 10500, 1, false);
insert into product(id, created_at, updated_at, brand_id, price, category_id, is_deleted) values (10, now(), now(), 2, 5900, 2, false);
insert into product(id, created_at, updated_at, brand_id, price, category_id, is_deleted) values (11, now(), now(), 2, 3800, 3, false);
insert into product(id, created_at, updated_at, brand_id, price, category_id, is_deleted) values (12, now(), now(), 2, 9100, 4, false);
insert into product(id, created_at, updated_at, brand_id, price, category_id, is_deleted) values (13, now(), now(), 2, 2100, 5, false);
insert into product(id, created_at, updated_at, brand_id, price, category_id, is_deleted) values (14, now(), now(), 2, 2000, 6, false);
insert into product(id, created_at, updated_at, brand_id, price, category_id, is_deleted) values (15, now(), now(), 2, 2000, 7, false);
insert into product(id, created_at, updated_at, brand_id, price, category_id, is_deleted) values (16, now(), now(), 2, 2200, 8, false);
insert into product(id, created_at, updated_at, brand_id, price, category_id, is_deleted) values (17, now(), now(), 3, 10000, 1, false);
insert into product(id, created_at, updated_at, brand_id, price, category_id, is_deleted) values (18, now(), now(), 3, 6200, 2, false);
insert into product(id, created_at, updated_at, brand_id, price, category_id, is_deleted) values (19, now(), now(), 3, 3300, 3, false);
insert into product(id, created_at, updated_at, brand_id, price, category_id, is_deleted) values (20, now(), now(), 3, 9200, 4, false);
insert into product(id, created_at, updated_at, brand_id, price, category_id, is_deleted) values (21, now(), now(), 3, 2200, 5, false);
insert into product(id, created_at, updated_at, brand_id, price, category_id, is_deleted) values (22, now(), now(), 3, 1900, 6, false);
insert into product(id, created_at, updated_at, brand_id, price, category_id, is_deleted) values (23, now(), now(), 3, 2200, 7, false);
insert into product(id, created_at, updated_at, brand_id, price, category_id, is_deleted) values (24, now(), now(), 3, 2100, 8, false);
insert into product(id, created_at, updated_at, brand_id, price, category_id, is_deleted) values (25, now(), now(), 4, 10100, 1, false);
insert into product(id, created_at, updated_at, brand_id, price, category_id, is_deleted) values (26, now(), now(), 4, 5100, 2, false);
insert into product(id, created_at, updated_at, brand_id, price, category_id, is_deleted) values (27, now(), now(), 4, 3000, 3, false);
insert into product(id, created_at, updated_at, brand_id, price, category_id, is_deleted) values (28, now(), now(), 4, 9500, 4, false);
insert into product(id, created_at, updated_at, brand_id, price, category_id, is_deleted) values (29, now(), now(), 4, 2500, 5, false);
insert into product(id, created_at, updated_at, brand_id, price, category_id, is_deleted) values (30, now(), now(), 4, 1500, 6, false);
insert into product(id, created_at, updated_at, brand_id, price, category_id, is_deleted) values (31, now(), now(), 4, 2400, 7, false);
insert into product(id, created_at, updated_at, brand_id, price, category_id, is_deleted) values (32, now(), now(), 4, 2000, 8, false);
insert into product(id, created_at, updated_at, brand_id, price, category_id, is_deleted) values (33, now(), now(), 5, 10700, 1, false);
insert into product(id, created_at, updated_at, brand_id, price, category_id, is_deleted) values (34, now(), now(), 5, 5000, 2, false);
insert into product(id, created_at, updated_at, brand_id, price, category_id, is_deleted) values (35, now(), now(), 5, 3800, 3, false);
insert into product(id, created_at, updated_at, brand_id, price, category_id, is_deleted) values (36, now(), now(), 5, 9900, 4, false);
insert into product(id, created_at, updated_at, brand_id, price, category_id, is_deleted) values (37, now(), now(), 5, 2300, 5, false);
insert into product(id, created_at, updated_at, brand_id, price, category_id, is_deleted) values (38, now(), now(), 5, 1800, 6, false);
insert into product(id, created_at, updated_at, brand_id, price, category_id, is_deleted) values (39, now(), now(), 5, 2100, 7, false);
insert into product(id, created_at, updated_at, brand_id, price, category_id, is_deleted) values (40, now(), now(), 5, 2100, 8, false);
insert into product(id, created_at, updated_at, brand_id, price, category_id, is_deleted) values (41, now(), now(), 6, 11200, 1, false);
insert into product(id, created_at, updated_at, brand_id, price, category_id, is_deleted) values (42, now(), now(), 6, 7200, 2, false);
insert into product(id, created_at, updated_at, brand_id, price, category_id, is_deleted) values (43, now(), now(), 6, 4000, 3, false);
insert into product(id, created_at, updated_at, brand_id, price, category_id, is_deleted) values (44, now(), now(), 6, 9300, 4, false);
insert into product(id, created_at, updated_at, brand_id, price, category_id, is_deleted) values (45, now(), now(), 6, 2100, 5, false);
insert into product(id, created_at, updated_at, brand_id, price, category_id, is_deleted) values (46, now(), now(), 6, 1600, 6, false);
insert into product(id, created_at, updated_at, brand_id, price, category_id, is_deleted) values (47, now(), now(), 6, 2300, 7, false);
insert into product(id, created_at, updated_at, brand_id, price, category_id, is_deleted) values (48, now(), now(), 6, 1900, 8, false);
insert into product(id, created_at, updated_at, brand_id, price, category_id, is_deleted) values (49, now(), now(), 7, 10500, 1, false);
insert into product(id, created_at, updated_at, brand_id, price, category_id, is_deleted) values (50, now(), now(), 7, 5800, 2, false);
insert into product(id, created_at, updated_at, brand_id, price, category_id, is_deleted) values (51, now(), now(), 7, 3900, 3, false);
insert into product(id, created_at, updated_at, brand_id, price, category_id, is_deleted) values (52, now(), now(), 7, 9000, 4, false);
insert into product(id, created_at, updated_at, brand_id, price, category_id, is_deleted) values (53, now(), now(), 7, 2200, 5, false);
insert into product(id, created_at, updated_at, brand_id, price, category_id, is_deleted) values (54, now(), now(), 7, 1700, 6, false);
insert into product(id, created_at, updated_at, brand_id, price, category_id, is_deleted) values (55, now(), now(), 7, 2100, 7, false);
insert into product(id, created_at, updated_at, brand_id, price, category_id, is_deleted) values (56, now(), now(), 7, 2000, 8, false);
insert into product(id, created_at, updated_at, brand_id, price, category_id, is_deleted) values (57, now(), now(), 8, 10800, 1, false);
insert into product(id, created_at, updated_at, brand_id, price, category_id, is_deleted) values (58, now(), now(), 8, 6300, 2, false);
insert into product(id, created_at, updated_at, brand_id, price, category_id, is_deleted) values (59, now(), now(), 8, 3100, 3, false);
insert into product(id, created_at, updated_at, brand_id, price, category_id, is_deleted) values (60, now(), now(), 8, 9700, 4, false);
insert into product(id, created_at, updated_at, brand_id, price, category_id, is_deleted) values (61, now(), now(), 8, 2100, 5, false);
insert into product(id, created_at, updated_at, brand_id, price, category_id, is_deleted) values (62, now(), now(), 8, 1600, 6, false);
insert into product(id, created_at, updated_at, brand_id, price, category_id, is_deleted) values (63, now(), now(), 8, 2000, 7, false);
insert into product(id, created_at, updated_at, brand_id, price, category_id, is_deleted) values (64, now(), now(), 8, 2000, 8, false);
insert into product(id, created_at, updated_at, brand_id, price, category_id, is_deleted) values (65, now(), now(), 9, 11400, 1, false);
insert into product(id, created_at, updated_at, brand_id, price, category_id, is_deleted) values (66, now(), now(), 9, 6700, 2, false);
insert into product(id, created_at, updated_at, brand_id, price, category_id, is_deleted) values (67, now(), now(), 9, 3200, 3, false);
insert into product(id, created_at, updated_at, brand_id, price, category_id, is_deleted) values (68, now(), now(), 9, 9500, 4, false);
insert into product(id, created_at, updated_at, brand_id, price, category_id, is_deleted) values (69, now(), now(), 9, 2400, 5, false);
insert into product(id, created_at, updated_at, brand_id, price, category_id, is_deleted) values (70, now(), now(), 9, 1700, 6, false);
insert into product(id, created_at, updated_at, brand_id, price, category_id, is_deleted) values (71, now(), now(), 9, 1700, 7, false);
insert into product(id, created_at, updated_at, brand_id, price, category_id, is_deleted) values (72, now(), now(), 9, 2400, 8, false);